Frame Rate:,29.9700000000
Frame Number,Timecode,content_val,delta_hue,delta_lum,delta_sat
1,00:00:00.033,0.7449382716049383,0.19478395061728396,0.4104320987654321,1.6295987654320987
2,00:00:00.067,0.9403703703703705,0.3433024691358025,0.48030864197530865,1.9975
3,00:00:00.100,1.0307098765432097,0.3957098765432099,0.5376851851851852,2.1587345679012344
4,00:00:00.133,0.8273456790123457,0.24089506172839506,0.4705246913580247,1.7706172839506173
5,00:00:00.167,0.9984156378600825,0.37530864197530867,0.5069753086419753,2.112962962962963
6,00:00:00.200,0.9597736625514403,0.3326543209876543,0.5015432098765432,2.0451234567901233
7,00:00:00.234,1.0570061728395062,0.4089506172839506,0.5244753086419753,2.2375925925925926
8,00:00:00.267,0.9895987654320987,0.40901234567901235,0.48277777777777775,2.077006172839506
9,00:00:00.300,1.0014094650205763,0.40453703703703703,0.5276234567901235,2.072067901234568
10,00:00:00.334,0.9297942386831276,0.35203703703703704,0.5286728395061728,1.908672839506173
11,00:00:00.367,1.0135185185185185,0.39447530864197533,0.5106172839506172,2.135462962962963
12,00:00:00.400,1.0517283950617282,0.3920061728395062,0.5266049382716049,2.236574074074074
13,00:00:00.434,1.0114609053497943,0.391141975308642,0.5277160493827161,2.115524691358025
14,00:00:00.467,1.0808230452674896,0.421358024691358,0.5325,2.288611111111111
15,00:00:00.501,1.0900720164609055,0.4307716049382716,0.518858024691358,2.3205864197530865
16,00:00:00.534,1.0780864197530864,0.48669753086419754,0.5341975308641975,2.213364197530864
17,00:00:00.567,1.0547736625514403,0.43444444444444447,0.5567283950617284,2.1731481481481483
18,00:00:00.601,1.0837654320987655,0.44243827160493826,0.5404629629629629,2.2683950617283952
19,00:00:00.634,1.0051028806584361,0.42583333333333334,0.5159876543209877,2.0734876543209877
20,00:00:00.667,1.1498456790123457,0.5645370370370371,0.5572222222222222,2.327777777777778
21,00:00:00.701,1.153261316872428,0.5080555555555556,0.5508641975308642,2.400864197530864
22,00:00:00.734,1.0920576131687243,0.4735185185185185,0.5448148148148149,2.2578395061728394
23,00:00:00.767,1.0897633744855968,0.43959876543209875,0.5575,2.2721913580246915
24,00:00:00.801,1.1250411522633745,0.5358333333333334,0.5565123456790123,2.2827777777777776
25,00:00:00.834,1.055925925925926,0.41040123456790123,0.549537037037037,2.2078395061728395
26,00:00:00.868,1.1817592592592592,0.5642901234567901,0.5720061728395062,2.4089814814814816
27,00:00:00.901,1.0970164609053497,0.47379629629629627,0.5527777777777778,2.264475308641975
28,00:00:00.934,1.0676028806584361,0.3987654320987654,0.5675,2.2365432098765434
29,00:00:00.968,1.1371810699588476,0.5065740740740741,0.5749382716049383,2.3300308641975307
30,00:00:01.001,0.9921399176954733,0.3665432098765432,0.5208333333333334,2.089043209876543
31,00:00:01.034,1.1266666666666667,0.4753395061728395,0.553641975308642,2.3510185185185186
32,00:00:01.068,1.0431995884773664,0.4002469135802469,0.5346604938271605,2.1946913580246914
33,00:00:01.101,1.1363168724279835,0.5191975308641975,0.5597222222222222,2.3300308641975307
34,00:00:01.134,1.091759259259259,0.49712962962962964,0.5516975308641975,2.2264506172839504
35,00:00:01.168,1.1045576131687245,0.4626851851851852,0.5759567901234568,2.275030864197531
36,00:00:01.201,1.300761316872428,0.6523456790123456,0.5949691358024691,2.654969135802469
37,00:00:01.235,1.231471193415638,0.6006172839506173,0.5548456790123457,2.5389506172839504
38,00:00:01.268,1.1615123456790124,0.5405864197530864,0.5994753086419753,2.344475308641975
39,00:00:01.301,1.0872016460905352,0.44688271604938273,0.5635493827160494,2.251172839506173
40,00:00:01.335,1.1776954732510287,0.4705864197530864,0.5946604938271605,2.4678395061728393
41,00:00:01.368,1.1681172839506173,0.5080555555555556,0.5567592592592593,2.439537037037037
42,00:00:01.401,1.0909567901234567,0.4771296296296296,0.5707098765432099,2.2250308641975307
43,00:00:01.435,1.168971193415638,0.5377777777777778,0.6058333333333333,2.3633024691358027
44,00:00:01.468,1.0988683127572016,0.5062345679012346,0.5509259259259259,2.2394444444444446
45,00:00:01.502,1.1029012345679015,0.43996913580246916,0.5696296296296296,2.299104938271605
46,00:00:01.535,1.2687860082304525,0.6403086419753087,0.5753395061728395,2.59070987654321
47,00:00:01.568,1.148971193415638,0.5396913580246914,0.557962962962963,2.3492592592592594
48,00:00:01.602,1.3999794238683128,0.7270987654320987,0.5799691358024691,2.89287037037037
49,00:00:01.635,1.13488683127572,0.49570987654320986,0.5990740740740741,2.3098765432098767
50,00:00:01.668,1.0830041152263374,0.4966358024691358,0.5428703703703703,2.209506172839506
51,00:00:01.702,1.2477777777777777,0.609783950617284,0.5735185185185185,2.5600308641975307
52,00:00:01.735,1.3913991769547327,0.7677777777777778,0.5841975308641976,2.8222222222222224
53,00:00:01.768,1.2351954732510289,0.7137654320987654,0.5450925925925926,2.4467283950617285
54,00:00:01.802,1.1195781893004115,0.4719135802469136,0.5646913580246914,2.3221296296296297
55,00:00:01.835,1.0762654320987655,0.49753086419753084,0.5660493827160494,2.165216049382716
56,00:00:01.869,1.0949794238683128,0.4833950617283951,0.5787654320987654,2.222777777777778
57,00:00:01.902,1.2067489711934156,0.5710185185185185,0.5993827160493828,2.4498456790123457
58,00:00:01.935,1.1771604938271605,0.501141975308642,0.5827777777777777,2.447561728395062
59,00:00:01.969,1.0881790123456792,0.4499691358024691,0.5766975308641975,2.2378703703703704
60,00:00:02.002,1.1697119341563786,0.5184876543209876,0.5979938271604939,2.3926543209876545
61,00:00:02.035,1.0974074074074074,0.4987037037037037,0.5792283950617284,2.21429012345679
62,00:00:02.069,1.1181995884773663,0.49228395061728397,0.582283950617284,2.280030864197531
63,00:00:02.102,1.114835390946502,0.4865432098765432,0.5873148148148148,2.270648148148148
64,00:00:02.135,1.1176131687242796,0.48833333333333334,0.5905246913580247,2.2739814814814814
65,00:00:02.169,1.1629732510288067,0.5570987654320988,0.590462962962963,2.341358024691358
66,00:00:02.202,1.107417695473251,0.4736111111111111,0.5775617283950617,2.2710802469135802
67,00:00:02.236,1.0416460905349794,0.42527777777777775,0.5731481481481482,2.1265123456790125
68,00:00:02.269,1.046244855967078,0.4139506172839506,0.5825308641975309,2.142253086419753
69,00:00:02.302,1.1087654320987654,0.430679012345679,0.5753395061728395,2.3202777777777777
70,00:00:02.336,1.1276646090534979,0.4632098765432099,0.582253086419753,2.337530864197531
71,00:00:02.369,1.0916255144032923,0.4829320987654321,0.5641358024691357,2.2278086419753085
72,00:00:02.402,1.104238683127572,0.42441358024691356,0.6004320987654321,2.28787037037037
73,00:00:02.436,1.1714300411522633,0.5515432098765433,0.5937345679012346,2.369012345679012
74,00:00:02.469,1.087448559670782,0.4903395061728395,0.5792901234567901,2.192716049382716
75,00:00:02.503,1.1197119341563786,0.49919753086419755,0.5969444444444445,2.2629938271604937
76,00:00:02.536,1.09119341563786,0.4498456790123457,0.5904012345679013,2.2333333333333334
77,00:00:02.569,1.1732201646090534,0.5444753086419754,0.5802469135802469,2.3949382716049383
78,00:00:02.603,1.2017489711934155,0.5609876543209876,0.6097530864197531,2.434506172839506
79,00:00:02.636,1.198230452674897,0.5606481481481481,0.5995679012345679,2.4344753086419755
80,00:00:02.669,1.163230452674897,0.5257098765432099,0.6022839506172839,2.3616975308641974
81,00:00:02.703,1.187746913580247,0.5795061728395061,0.5893518518518519,2.3943827160493827
82,00:00:02.736,1.1611934156378603,0.506141975308642,0.6109876543209877,2.3664506172839506
83,00:00:02.769,1.1173868312757202,0.528425925925926,0.5848148148148148,2.2389197530864196
84,00:00:02.803,1.126358024691358,0.5257098765432099,0.5886419753086419,2.2647222222222223
85,00:00:02.836,1.2004732510288065,0.5307098765432099,0.5958641975308642,2.4748456790123456
86,00:00:02.870,1.1530658436213992,0.5289814814814815,0.5930246913580247,2.3371913580246915
87,00:00:02.903,1.0568415637860082,0.41824074074074075,0.5974691358024692,2.1548148148148147
88,00:00:02.936,1.1897633744855967,0.48462962962962963,0.5905555555555555,2.494104938271605
89,00:00:02.970,1.1469547325102882,0.5697530864197531,0.5840123456790124,2.287098765432099
90,00:00:03.003,2.6170884773662553,1.6357716049382716,0.8757098765432099,5.339783950617284
91,00:00:03.036,0.8185288065843621,0.2705864197530864,0.48530864197530865,1.6996913580246913
92,00:00:03.070,1.0147016460905351,0.44145061728395063,0.5726851851851852,2.029969135802469
93,00:00:03.103,1.0850205761316873,0.45651234567901233,0.561141975308642,2.2374074074074075
94,00:00:03.136,1.1178086419753086,0.4883950617283951,0.5608333333333333,2.3041975308641973
95,00:00:03.170,1.0928189300411522,0.5093518518518518,0.5649074074074074,2.2041975308641977
96,00:00:03.203,1.0238168724279835,0.43626543209876545,0.5694135802469136,2.0657716049382717
97,00:00:03.237,1.0316769547325102,0.43135802469135803,0.5777777777777777,2.085895061728395
98,00:00:03.270,0.9951748971193416,0.41194444444444445,0.5687037037037037,2.0048765432098765
99,00:00:03.303,1.0316049382716048,0.43734567901234567,0.5719753086419753,2.085493827160494
100,00:00:03.337,1.033127572016461,0.48641975308641977,0.5835493827160494,2.0294135802469135
101,00:00:03.370,1.0503086419753085,0.4260185185185185,0.5830555555555555,2.1418518518518517
102,00:00:03.403,0.9840123456790124,0.3721604938271605,0.5648456790123457,2.0150308641975307
103,00:00:03.437,1.0794238683127573,0.45351851851851854,0.5795987654320988,2.2051543209876545
104,00:00:03.470,1.1492181069958847,0.5461111111111111,0.6032407407407407,2.2983024691358023
105,00:00:03.504,1.1155246913580248,0.5011728395061729,0.587253086419753,2.2581481481481482
106,00:00:03.537,1.1665637860082305,0.5295679012345679,0.6348148148148148,2.335308641975309
107,00:00:03.570,1.0602057613168723,0.4280555555555556,0.6008024691358025,2.151759259259259
108,00:00:03.604,1.1171810699588478,0.49166666666666664,0.5732716049382716,2.286604938271605
109,00:00:03.637,1.1105349794238684,0.5184876543209876,0.5959567901234568,2.2171604938271603
110,00:00:03.670,1.0327572016460904,0.44012345679012344,0.5658024691358025,2.092345679012346
111,00:00:03.704,1.0490432098765432,0.4646296296296296,0.5834876543209877,2.099012345679012
112,00:00:03.737,1.0367283950617283,0.37512345679012343,0.5957716049382716,2.13929012345679
113,00:00:03.770,1.0682510288065845,0.44200617283950616,0.5935493827160494,2.1691975308641975
114,00:00:03.804,1.1199074074074074,0.4949074074074074,0.5848765432098766,2.279938271604938
115,00:00:03.837,1.1466975308641976,0.5075308641975309,0.5972222222222222,2.3353395061728395
116,00:00:03.871,1.1067489711934158,0.48095679012345677,0.6025,2.23679012345679
117,00:00:03.904,1.174732510288066,0.5274074074074074,0.5987654320987654,2.3980246913580245
118,00:00:03.937,1.197335390946502,0.5482716049382717,0.6233024691358025,2.420432098765432
119,00:00:03.971,1.086471193415638,0.45012345679012344,0.5891975308641976,2.2200925925925925
120,00:00:04.004,1.216985596707819,0.5702777777777778,0.6041358024691358,2.476543209876543
121,00:00:04.037,1.197602880658436,0.5508950617283951,0.5866666666666667,2.455246913580247
122,00:00:04.071,1.2583436213991768,0.6412037037037037,0.6101851851851852,2.523641975308642
123,00:00:04.104,1.1277263374485595,0.5191358024691358,0.5926543209876544,2.2713888888888887
124,00:00:04.137,1.1455555555555557,0.5787345679012346,0.5995679012345679,2.2583641975308644
125,00:00:04.171,1.1229526748971193,0.5271604938271605,0.5978703703703704,2.243827160493827
126,00:00:04.204,1.1039094650205763,0.4832098765432099,0.5942592592592593,2.234259259259259
127,00:00:04.238,1.1094958847736625,0.49191358024691356,0.5951234567901235,2.2414506172839506
128,00:00:04.271,1.088127572016461,0.4799382716049383,0.5988888888888889,2.1855555555555557
129,00:00:04.304,1.0343930041152263,0.44080246913580245,0.5710493827160494,2.0913271604938273
130,00:00:04.338,1.0776543209876543,0.48212962962962963,0.5915432098765432,2.15929012345679
131,00:00:04.371,1.1048971193415638,0.5295679012345679,0.5847839506172839,2.2003395061728397
132,00:00:04.404,1.101954732510288,0.48,0.6004938271604938,2.22537037037037
133,00:00:04.438,1.1056069958847736,0.4840432098765432,0.5908024691358025,2.241975308641975
134,00:00:04.471,1.0746399176954733,0.4845679012345679,0.5780864197530864,2.1612654320987654
135,00:00:04.505,1.0928086419753087,0.4503395061728395,0.5856172839506173,2.242469135802469
136,00:00:04.538,1.222530864197531,0.631820987654321,0.6084567901234568,2.4273148148148147
137,00:00:04.571,1.0990329218106993,0.5411111111111111,0.5856481481481481,2.1703395061728394
138,00:00:04.605,1.1210802469135803,0.5195987654320988,0.5833333333333334,2.2603086419753087
139,00:00:04.638,1.1258847736625512,0.5323148148148148,0.5892592592592593,2.25608024691358
140,00:00:04.671,1.0445576131687242,0.44969135802469135,0.5883024691358024,2.095679012345679
141,00:00:04.705,1.006358024691358,0.3698148148148148,0.5749691358024691,2.07429012345679
142,00:00:04.738,1.0772325102880658,0.5307407407407407,0.5879938271604939,2.112962962962963
143,00:00:04.771,1.162551440329218,0.5871604938271605,0.5852777777777778,2.315216049382716
144,00:00:04.805,1.0943415637860083,0.4833950617283951,0.5843518518518519,2.2152777777777777
145,00:00:04.838,1.0628703703703704,0.4785185185185185,0.5906481481481481,2.1194444444444445
146,00:00:04.872,1.0592901234567902,0.471141975308642,0.5732407407407407,2.1334876543209877
147,00:00:04.905,1.1001954732510288,0.4749382716049383,0.6041358024691358,2.2215123456790122
148,00:00:04.938,1.1057818930041152,0.5322222222222223,0.5871604938271605,2.197962962962963
149,00:00:04.972,1.1082407407407409,0.5382716049382716,0.5929012345679012,2.1935493827160495
150,00:00:05.005,1.1612448559670783,0.5677469135802469,0.6064506172839507,2.309537037037037
151,00:00:05.038,1.1825617283950618,0.6216975308641975,0.5795679012345679,2.34641975308642
152,00:00:05.072,1.1829012345679013,0.5848148148148148,0.5904320987654321,2.373456790123457
153,00:00:05.105,1.109485596707819,0.5086728395061728,0.578179012345679,2.241604938271605
154,00:00:05.138,1.1525617283950618,0.5556481481481481,0.5879629629629629,2.314074074074074
155,00:00:05.172,1.111090534979424,0.5243518518518518,0.5966975308641975,2.212222222222222
156,00:00:05.205,1.0521913580246913,0.4917283950617284,0.5857098765432098,2.079135802469136
157,00:00:05.239,1.0896296296296297,0.5172222222222222,0.5821296296296297,2.169537037037037
158,00:00:05.272,1.2513374485596707,0.519074074074074,0.5942283950617284,2.6407098765432098
159,00:00:05.305,1.216625514403292,0.5175925925925926,0.5748148148148148,2.557469135802469
160,00:00:05.339,1.111985596707819,0.5278395061728395,0.567716049382716,2.2404012345679014
161,00:00:05.372,1.1817695473251029,0.5868827160493827,0.5812654320987655,2.3771604938271604
162,00:00:05.405,1.1555349794238683,0.5161419753086419,0.5781481481481482,2.372314814814815
163,00:00:05.439,1.1885390946502057,0.5191975308641975,0.5897222222222223,2.4566975308641976
164,00:00:05.472,1.192119341563786,0.5030864197530864,0.5866358024691358,2.4866358024691357
165,00:00:05.506,1.1163374485596709,0.49419753086419754,0.5732407407407407,2.281574074074074
166,00:00:05.539,1.1200617283950616,0.48935185185185187,0.5776543209876543,2.293179012345679
167,00:00:05.572,1.1663477366255144,0.585462962962963,0.5867901234567902,2.32679012345679
168,00:00:05.606,1.1049588477366254,0.5094135802469136,0.5863888888888888,2.219074074074074
169,00:00:05.639,1.0349382716049382,0.4026543209876543,0.5829938271604939,2.1191666666666666
170,00:00:05.672,1.0580246913580247,0.42225308641975307,0.5902777777777778,2.1615432098765432
171,00:00:05.706,1.0771502057613167,0.45787037037037037,0.5938888888888889,2.1796913580246913
172,00:00:05.739,1.0258436213991768,0.4196913580246914,0.567037037037037,2.0908024691358023
173,00:00:05.772,1.0944238683127574,0.44722222222222224,0.5990432098765432,2.2370061728395063
174,00:00:05.806,1.0444958847736625,0.45524691358024694,0.5832098765432099,2.095030864197531
175,00:00:05.839,1.0971296296296296,0.5026234567901234,0.5972222222222222,2.191543209876543
176,00:00:05.873,1.047417695473251,0.42191358024691356,0.5751851851851851,2.1451543209876545
177,00:00:05.906,1.045617283950617,0.43429012345679013,0.5945987654320988,2.107962962962963
178,00:00:05.939,1.0151748971193415,0.46882716049382717,0.5658024691358025,2.010895061728395
179,00:00:05.973,1.0729835390946503,0.46530864197530863,0.6077777777777778,2.145864197530864
180,00:00:06.006,2.5320987654320986,1.5095987654320988,0.8657407407407407,5.220956790123457
181,00:00:06.039,0.7405041152263374,0.2412962962962963,0.45296296296296296,1.527253086419753
182,00:00:06.073,1.0337037037037038,0.5003086419753087,0.5704320987654321,2.0303703703703704
183,00:00:06.106,0.9316563786008231,0.38885802469135805,0.5221604938271605,1.8839506172839506
184,00:00:06.139,0.8757407407407407,0.3234567901234568,0.5205246913580247,1.7832407407407407
185,00:00:06.173,0.922201646090535,0.3596913580246914,0.529753086419753,1.8771604938271604
186,00:00:06.206,0.878858024691358,0.324320987654321,0.5269753086419753,1.7852777777777777
187,00:00:06.240,0.9173148148148149,0.36138888888888887,0.5326234567901235,1.8579320987654322
188,00:00:06.273,0.9254115226337448,0.33141975308641974,0.5394444444444444,1.9053703703703704
189,00:00:06.306,0.9628189300411524,0.38805555555555554,0.5542592592592592,1.946141975308642
190,00:00:06.340,0.9645987654320987,0.4062345679012346,0.553858024691358,1.9337037037037037
191,00:00:06.373,1.0062242798353909,0.4275,0.5413580246913581,2.0498148148148148
192,00:00:06.406,0.9968930041152263,0.4078395061728395,0.5530864197530864,2.029753086419753
193,00:00:06.440,0.9708230452674899,0.38830246913580246,0.5590123456790124,1.9651543209876543
194,00:00:06.473,0.9758641975308642,0.41824074074074075,0.5399074074074074,1.9694444444444446
195,00:00:06.507,1.1233950617283952,0.5446913580246914,0.5520987654320988,2.273395061728395
196,00:00:06.540,1.0806893004115226,0.4839506172839506,0.5576234567901235,2.2004938271604937
197,00:00:06.573,0.9999279835390947,0.4025925925925926,0.5697839506172839,2.0274074074074075
198,00:00:06.607,1.0756584362139918,0.4778703703703704,0.5590740740740741,2.190030864197531
199,00:00:06.640,0.9651543209876543,0.3505864197530864,0.5407098765432099,2.004166666666667
200,00:00:06.673,1.0000823045267488,0.42614197530864195,0.5396296296296297,2.034475308641975
201,00:00:06.707,0.9965329218106995,0.399320987654321,0.5495679012345679,2.0407098765432097
202,00:00:06.740,0.9552263374485598,0.36604938271604937,0.5491666666666667,1.950462962962963
203,00:00:06.773,1.0064711934156378,0.36833333333333335,0.555,2.0960802469135804
204,00:00:06.807,1.0373353909465022,0.48061728395061726,0.5670987654320988,2.0642901234567903
205,00:00:06.840,0.965679012345679,0.3925617283950617,0.5375,1.9669753086419752
206,00:00:06.874,1.1385185185185185,0.5426543209876543,0.566604938271605,2.3062962962962965
207,00:00:06.907,1.0947427983539095,0.5058333333333334,0.5724074074074074,2.2059876543209875
208,00:00:06.940,1.0469341563786008,0.4619135802469136,0.5336728395061728,2.145216049382716
209,00:00:06.974,0.9972942386831276,0.3727160493827161,0.5509876543209876,2.068179012345679
210,00:00:07.007,0.9676131687242799,0.3870679012345679,0.5430864197530865,1.9726851851851852
211,00:00:07.040,0.9808127572016462,0.42811728395061727,0.5527777777777778,1.9615432098765433
212,00:00:07.074,0.9767901234567901,0.3941358024691358,0.5537654320987654,1.982469135802469
213,00:00:07.107,1.0794958847736627,0.5141666666666667,0.545,2.179320987654321
214,00:00:07.140,1.0487345679012345,0.44234567901234567,0.5443827160493827,2.159475308641975
215,00:00:07.174,1.0636831275720164,0.4735493827160494,0.5637654320987654,2.1537345679012345
216,00:00:07.207,1.034948559670782,0.4712654320987654,0.5595679012345679,2.0740123456790123
217,00:00:07.241,1.004372427983539,0.42225308641975307,0.5389506172839507,2.0519135802469135
218,00:00:07.274,1.1714711934156379,0.49194444444444446,0.5571296296296296,2.4653395061728394
219,00:00:07.307,1.068508230452675,0.5028703703703704,0.5480555555555555,2.1545987654320986
220,00:00:07.341,1.0620370370370371,0.4472530864197531,0.5554012345679012,2.183456790123457
221,00:00:07.374,1.0650000000000002,0.48271604938271606,0.5320370370370371,2.180246913580247
222,00:00:07.407,1.1061934156378601,0.45512345679012345,0.5528395061728395,2.3106172839506174
223,00:00:07.441,1.0391255144032923,0.44598765432098764,0.5289506172839507,2.1424382716049384
224,00:00:07.474,0.9676954732510289,0.44385802469135804,0.5055555555555555,1.9536728395061729
225,00:00:07.508,1.0720473251028806,0.4943827160493827,0.5387654320987655,2.1829938271604936
226,00:00:07.541,1.0108333333333333,0.4263271604938272,0.5405864197530864,2.065586419753086
227,00:00:07.574,1.034948559670782,0.4102777777777778,0.5280555555555555,2.1665123456790125
228,00:00:07.608,1.0728600823045267,0.5051543209876543,0.5533333333333333,2.1600925925925925
229,00:00:07.641,1.0040637860082304,0.4620061728395062,0.5504938271604938,1.9996913580246913
230,00:00:07.674,1.1330555555555555,0.5535802469135802,0.523641975308642,2.3219444444444446
231,00:00:07.708,1.111934156378601,0.5171913580246914,0.5295061728395062,2.289104938271605
232,00:00:07.741,1.0809156378600824,0.47574074074074074,0.5555246913580247,2.2114814814814814
233,00:00:07.774,1.0783230452674897,0.49271604938271607,0.524537037037037,2.217716049382716
234,00:00:07.808,1.136985596707819,0.5941049382716049,0.5712962962962963,2.2455555555555557
235,00:00:07.841,1.0718930041152264,0.5134876543209876,0.5570061728395062,2.145185185185185
236,00:00:07.875,1.1136522633744856,0.552067901234568,0.5336728395061728,2.255216049382716
237,00:00:07.908,1.067849794238683,0.4679320987654321,0.5447530864197531,2.190864197530864
238,00:00:07.941,1.0984567901234568,0.5554012345679012,0.533641975308642,2.206327160493827
239,00:00:07.975,1.137880658436214,0.5131172839506173,0.5454012345679012,2.3551234567901234
240,00:00:08.008,1.1617798353909465,0.5637654320987654,0.5624691358024692,2.3591049382716047
241,00:00:08.041,1.0702057613168723,0.5024074074074074,0.5325,2.17570987654321
242,00:00:08.075,1.0887139917695474,0.558858024691358,0.5462654320987654,2.1610185185185187
243,00:00:08.108,1.0367181069958848,0.48935185185185187,0.5507716049382716,2.070030864197531
244,00:00:08.141,1.0128292181069958,0.4351851851851852,0.5408641975308642,2.0624382716049383
245,00:00:08.175,1.0980555555555556,0.5361419753086419,0.5143827160493827,2.243641975308642
246,00:00:08.208,1.1660185185185186,0.6120987654320987,0.5405555555555556,2.3454012345679014
247,00:00:08.242,1.0780967078189299,0.4368827160493827,0.5370679012345679,2.2603395061728393
248,00:00:08.275,1.0041975308641975,0.40935185185185186,0.5010493827160494,2.102191358024691
249,00:00:08.308,1.0437448559670781,0.4479012345679012,0.5359259259259259,2.147407407407407
250,00:00:08.342,1.2120987654320985,0.5973765432098765,0.5541975308641975,2.484722222222222
251,00:00:08.375,1.2055041152263375,0.4766666666666667,0.5215740740740741,2.6182716049382715
252,00:00:08.408,1.1836419753086418,0.4785493827160494,0.5374074074074074,2.534969135802469
253,00:00:08.442,1.0867489711934155,0.5248456790123457,0.5293827160493827,2.2060185185185186
254,00:00:08.475,1.034372427983539,0.44959876543209876,0.49104938271604937,2.162469135802469
255,00:00:08.509,1.0980761316872427,0.4174074074074074,0.5394753086419753,2.3373456790123455
256,00:00:08.542,1.0660699588477367,0.4537962962962963,0.5249074074074074,2.2195061728395062
257,00:00:08.575,1.0073868312757202,0.4403395061728395,0.4942283950617284,2.0875925925925927
258,00:00:08.609,0.9986522633744856,0.4224074074074074,0.516358024691358,2.057191358024691
259,00:00:08.642,1.0241152263374484,0.43570987654320986,0.5226234567901235,2.1140123456790123
260,00:00:08.675,1.0112139917695473,0.475,0.49910493827160496,2.059537037037037
261,00:00:08.709,1.1220576131687243,0.515679012345679,0.5181172839506173,2.3323765432098766
262,00:00:08.742,1.0408539094650207,0.4469444444444444,0.5146296296296297,2.1609876543209876
263,00:00:08.775,1.015216049382716,0.42725308641975307,0.5124382716049383,2.105956790123457
264,00:00:08.809,1.016954732510288,0.468858024691358,0.5119135802469136,2.0700925925925926
265,00:00:08.842,1.007716049382716,0.42648148148148146,0.5095061728395062,2.0871604938271604
266,00:00:08.876,1.0522427983539095,0.4389814814814815,0.5211728395061729,2.196574074074074
267,00:00:08.909,0.9682613168724279,0.40033950617283953,0.5131172839506173,1.9913271604938272
268,00:00:08.942,1.104372427983539,0.552037037037037,0.5225,2.23858024691358
269,00:00:08.976,1.1266358024691359,0.5487345679012345,0.5065123456790124,2.3246604938271607
270,00:00:09.009,2.505545267489712,1.6498456790123457,0.7472222222222222,5.119567901234568
271,00:00:09.042,0.7535390946502059,0.2612037037037037,0.4137962962962963,1.5856172839506173
272,00:00:09.076,0.9353497942386831,0.4283641975308642,0.4901234567901235,1.8875617283950616
273,00:00:09.109,0.8489814814814816,0.34367283950617283,0.45330246913580247,1.7499691358024692
274,00:00:09.142,0.8191769547325102,0.34833333333333333,0.441820987654321,1.6673765432098766
275,00:00:09.176,0.8665637860082304,0.38132716049382714,0.48126543209876543,1.7370987654320988
276,00:00:09.209,0.9324074074074075,0.38712962962962966,0.4680864197530864,1.9420061728395062
277,00:00:09.243,0.9042489711934155,0.391820987654321,0.46296296296296297,1.857962962962963
278,00:00:09.276,0.9335905349794239,0.4125617283950617,0.47598765432098766,1.9122222222222223
279,00:00:09.309,0.8583230452674897,0.3203395061728395,0.4608333333333333,1.7937962962962963
280,00:00:09.343,0.9242181069958848,0.4075308641975309,0.48518518518518516,1.8799382716049382
281,00:00:09.376,0.9351028806584362,0.41944444444444445,0.48354938271604936,1.9023148148148148
282,00:00:09.409,0.9775308641975308,0.418858024691358,0.504104938271605,2.0096296296296297
283,00:00:09.443,1.003991769547325,0.4654938271604938,0.5053395061728395,2.041141975308642
284,00:00:09.476,1.0808333333333333,0.5606481481481481,0.4951234567901235,2.1867283950617282
285,00:00:09.510,1.0771296296296298,0.5410185185185186,0.532283950617284,2.1580864197530865
286,00:00:09.543,0.9758847736625514,0.42021604938271606,0.5020370370370371,2.005401234567901
287,00:00:09.576,1.05570987654321,0.49799382716049384,0.4988888888888889,2.170246913580247
288,00:00:09.610,0.945792181069959,0.4112654320987654,0.47617283950617284,1.9499382716049383
289,00:00:09.643,0.9303292181069959,0.3397222222222222,0.4833950617283951,1.9678703703703704
290,00:00:09.676,1.0168930041152264,0.4500925925925926,0.493179012345679,2.1074074074074076
291,00:00:09.710,1.0189609053497943,0.49824074074074076,0.49083333333333334,2.067808641975309
292,00:00:09.743,0.957283950617284,0.399320987654321,0.4815740740740741,1.9909567901234568
293,00:00:09.776,0.9813374485596708,0.38904320987654323,0.48898148148148146,2.065987654320988
294,00:00:09.810,0.9198559670781893,0.36537037037037035,0.4799382716049383,1.9142592592592593
295,00:00:09.843,0.9276131687242799,0.3287037037037037,0.48564814814814816,1.9684876543209877
296,00:00:09.877,0.9716255144032923,0.42756172839506174,0.48138888888888887,2.005925925925926
297,00:00:09.910,1.0091975308641974,0.45611111111111113,0.47759259259259257,2.093888888888889
298,00:00:09.943,0.947119341563786,0.4553395061728395,0.4772222222222222,1.9087962962962963
299,00:00:09.977,0.9560390946502059,0.39055555555555554,0.4886111111111111,1.9889506172839506
300,00:00:10.010,1.0063477366255145,0.43114197530864196,0.5048148148148148,2.0830864197530863
301,00:00:10.043,0.9177263374485597,0.34064814814814814,0.4652469135802469,1.9472839506172839
302,00:00:10.077,1.0525720164609054,0.4442283950617284,0.5162962962962963,2.1971913580246913
303,00:00:10.110,0.9761625514403293,0.41651234567901235,0.46675925925925926,2.045216049382716
304,00:00:10.143,0.9511831275720164,0.34719135802469137,0.478858024691358,2.0275
305,00:00:10.177,1.0839609053497943,0.5014814814814815,0.5009876543209877,2.2494135802469137
306,00:00:10.210,0.97940329218107,0.39959876543209877,0.4417283950617284,2.096882716049383
307,00:00:10.244,1.0399691358024692,0.4764814814814815,0.48746913580246914,2.1559567901234566
308,00:00:10.277,1.0379218106995884,0.47725308641975306,0.4916358024691358,2.1448765432098766
309,00:00:10.310,0.9787860082304526,0.40521604938271605,0.4641975308641975,2.0669444444444443
310,00:00:10.344,1.014022633744856,0.46512345679012346,0.47608024691358025,2.100864197530864
311,00:00:10.377,1.1589094650205762,0.5603703703703704,0.5010802469135802,2.415277777777778
312,00:00:10.410,1.0645164609053497,0.480462962962963,0.4907716049382716,2.2223148148148146
313,00:00:10.444,1.106769547325103,0.4903395061728395,0.4818827160493827,2.3480864197530864
314,00:00:10.477,0.9836213991769548,0.4358641975308642,0.473179012345679,2.041820987654321
315,00:00:10.511,0.9979423868312757,0.45598765432098765,0.4745061728395062,2.0633333333333335
316,00:00:10.544,1.0848045267489712,0.4900925925925926,0.5033333333333333,2.2609876543209877
317,00:00:10.577,1.006985596707819,0.4503395061728395,0.4694753086419753,2.101141975308642
318,00:00:10.611,1.0364711934156379,0.5035185185185185,0.4830864197530864,2.1228086419753085
319,00:00:10.644,1.0208641975308643,0.42388888888888887,0.4784259259259259,2.160277777777778
320,00:00:10.677,1.071738683127572,0.5439197530864197,0.4873148148148148,2.1839814814814815
321,00:00:10.711,1.0722736625514402,0.529753086419753,0.4817592592592593,2.2053086419753085
322,00:00:10.744,1.070730452674897,0.5267592592592593,0.47867283950617284,2.2067592592592593
323,00:00:10.777,1.0143621399176954,0.4886111111111111,0.4654320987654321,2.089043209876543
324,00:00:10.811,1.071923868312757,0.586820987654321,0.48358024691358026,2.14537037037037
325,00:00:10.844,1.0506069958847737,0.4855864197530864,0.4947530864197531,2.1714814814814813
326,00:00:10.878,0.9813786008230453,0.4431172839506173,0.47552469135802466,2.025493827160494
327,00:00:10.911,0.9697427983539094,0.38935185185185184,0.4641975308641975,2.055679012345679
328,00:00:10.944,0.9915637860082304,0.4657716049382716,0.4800617283950617,2.028858024691358
329,00:00:10.978,1.0785288065843621,0.5304012345679012,0.4764814814814815,2.2287037037037036
330,00:00:11.011,1.1074588477366254,0.5960802469135802,0.48518518518518516,2.241111111111111
331,00:00:11.044,1.0798456790123456,0.5435493827160494,0.4896604938271605,2.206327160493827
332,00:00:11.078,1.0592489711934157,0.5468518518518518,0.4726851851851852,2.15820987654321
333,00:00:11.111,1.056275720164609,0.4962037037037037,0.48398148148148146,2.188641975308642
334,00:00:11.144,1.030164609053498,0.4918518518518519,0.48333333333333334,2.1153086419753087
335,00:00:11.178,1.0222325102880658,0.47595679012345676,0.48064814814814816,2.1100925925925926
336,00:00:11.211,1.094351851851852,0.5669444444444445,0.48268518518518516,2.233425925925926
337,00:00:11.245,1.1063683127572017,0.5334567901234568,0.4904320987654321,2.295216049382716
338,00:00:11.278,1.1245267489711934,0.5410185185185186,0.4913888888888889,2.341172839506173
339,00:00:11.311,1.0183641975308644,0.4050925925925926,0.5031481481481481,2.146851851851852
340,00:00:11.345,1.0401543209876543,0.5083024691358025,0.4817592592592593,2.130401234567901
341,00:00:11.378,1.0992695473251028,0.5447222222222222,0.4920679012345679,2.2610185185185183
342,00:00:11.411,1.039866255144033,0.4968518518518519,0.4858024691358025,2.1369444444444445
343,00:00:11.445,0.9345473251028805,0.3561111111111111,0.4716975308641975,1.9758333333333333
344,00:00:11.478,0.9748559670781893,0.410462962962963,0.4608024691358025,2.0533024691358026
345,00:00:11.512,1.1434362139917695,0.6166666666666667,0.48944444444444446,2.3241975308641973
346,00:00:11.545,1.0049074074074074,0.4305555555555556,0.4625,2.1216666666666666
347,00:00:11.578,1.0354732510288065,0.45787037037037037,0.48040123456790124,2.168148148148148
348,00:00:11.612,1.0756584362139918,0.4651543209876543,0.4908641975308642,2.270956790123457
349,00:00:11.645,1.0405555555555557,0.4693827160493827,0.472962962962963,2.179320987654321
350,00:00:11.678,0.9965432098765432,0.454320987654321,0.47530864197530864,2.06
351,00:00:11.712,1.0251028806584361,0.4541975308641975,0.47435185185185186,2.1467592592592593
352,00:00:11.745,1.0269650205761318,0.5293827160493827,0.47552469135802466,2.0759876543209876
353,00:00:11.778,1.013395061728395,0.45731481481481484,0.47626543209876543,2.1066049382716048
354,00:00:11.812,1.0069444444444444,0.4851543209876543,0.4695987654320988,2.06608024691358
355,00:00:11.845,1.0009876543209877,0.45645061728395064,0.48583333333333334,2.060679012345679
356,00:00:11.879,1.052006172839506,0.5174691358024691,0.4820061728395062,2.1565432098765434
357,00:00:11.912,1.1038477366255144,0.5007716049382716,0.49459876543209874,2.316172839506173
358,00:00:11.945,1.1499794238683128,0.5435493827160494,0.4812037037037037,2.4251851851851853
359,00:00:11.979,1.0688580246913582,0.4579938271604938,0.4669135802469136,2.2816666666666667
360,00:00:12.012,2.5560493827160493,1.6877160493827161,0.7658333333333334,5.214598765432099
361,00:00:12.045,0.7403703703703703,0.24246913580246915,0.3913888888888889,1.5872530864197532
362,00:00:12.079,0.9068621399176956,0.39395061728395064,0.4735185185185185,1.8531172839506174
363,00:00:12.112,0.8173251028806584,0.30746913580246915,0.42194444444444446,1.7225617283950618
364,00:00:12.145,0.83820987654321,0.29768518518518516,0.44015432098765433,1.7767901234567902
365,00:00:12.179,0.8857921810699589,0.34598765432098766,0.4599382716049383,1.8514506172839507
366,00:00:12.212,0.7897736625514403,0.2518518518518518,0.43194444444444446,1.6855246913580246
367,00:00:12.246,0.8851440329218107,0.3734876543209876,0.44712962962962965,1.834814814814815
368,00:00:12.279,0.8422633744855967,0.2663888888888889,0.46459876543209877,1.7958024691358025
369,00:00:12.312,0.8943827160493827,0.3540432098765432,0.44098765432098763,1.8881172839506173
370,00:00:12.346,0.9617181069958848,0.435,0.4641049382716049,1.9860493827160495
371,00:00:12.379,0.9308024691358024,0.48095679012345677,0.44743827160493826,1.8640123456790123
372,00:00:12.412,0.9978600823045268,0.44040123456790126,0.4803703703703704,2.0728086419753087
373,00:00:12.446,1.0413477366255144,0.5230246913580247,0.46891975308641975,2.1320987654320986
374,00:00:12.479,0.9594341563786007,0.4554012345679012,0.4700925925925926,1.9528086419753086
375,00:00:12.513,0.9621090534979424,0.37166666666666665,0.4812345679012346,2.033425925925926
376,00:00:12.546,1.0204423868312757,0.4807098765432099,0.4808641975308642,2.099753086419753
377,00:00:12.579,1.0070987654320989,0.4684259259259259,0.4691358024691358,2.0837345679012347
378,00:00:12.613,1.0295370370370371,0.4619135802469136,0.4773148148148148,2.1493827160493826
379,00:00:12.646,1.0852674897119343,0.5989197530864198,0.4803703703703704,2.1765123456790123
380,00:00:12.679,1.031409465020576,0.5170370370370371,0.47814814814814816,2.0990432098765432
381,00:00:12.713,0.980185185185185,0.4161111111111111,0.47530864197530864,2.0491358024691357
382,00:00:12.746,0.95488683127572,0.3854012345679012,0.47314814814814815,2.006111111111111
383,00:00:12.779,0.9734053497942387,0.4116666666666667,0.4753703703703704,2.033179012345679
384,00:00:12.813,1.0371090534979424,0.4136111111111111,0.4872222222222222,2.210493827160494
385,00:00:12.846,1.024670781893004,0.3873456790123457,0.4829938271604938,2.2036728395061727
386,00:00:12.880,1.011141975308642,0.4482098765432099,0.4807098765432099,2.104506172839506
387,00:00:12.913,1.0781069958847735,0.49876543209876545,0.4850308641975309,2.2505246913580246
388,00:00:12.946,1.032283950617284,0.44003086419753085,0.49962962962962965,2.1571913580246913
389,00:00:12.980,1.0041769547325103,0.43719135802469133,0.48225308641975306,2.0930864197530865
390,00:00:13.013,0.9933950617283952,0.3982098765432099,0.49246913580246915,2.0895061728395063
391,00:00:13.046,0.9493827160493828,0.37401234567901237,0.4693827160493827,2.004753086419753
392,00:00:13.080,0.9722222222222222,0.39796296296296296,0.4909567901234568,2.027746913580247
393,00:00:13.113,1.0492489711934156,0.478179012345679,0.4905246913580247,2.1790432098765433
394,00:00:13.146,1.028559670781893,0.4967283950617284,0.4709259259259259,2.1180246913580247
395,00:00:13.180,0.9698765432098765,0.43925925925925924,0.48549382716049383,1.9848765432098765
396,00:00:13.213,0.9755349794238682,0.4278395061728395,0.4895679012345679,2.0091975308641974
397,00:00:13.247,1.0958847736625514,0.533425925925926,0.4784259259259259,2.2758024691358023
398,00:00:13.280,0.9910185185185184,0.42256172839506173,0.4882716049382716,2.062222222222222
399,00:00:13.313,1.1458333333333333,0.6284259259259259,0.4834259259259259,2.325648148148148
400,00:00:13.347,1.0472427983539097,0.4725925925925926,0.5030246913580247,2.1661111111111113
401,00:00:13.380,1.012633744855967,0.4783024691358025,0.4770987654320988,2.0825
402,00:00:13.413,1.0037345679012346,0.41891975308641977,0.49092592592592593,2.101358024691358
403,00:00:13.447,1.007798353909465,0.42496913580246914,0.48225308641975306,2.1161728395061727
404,00:00:13.480,1.074567901234568,0.5031172839506173,0.5026851851851852,2.2179012345679014
405,00:00:13.514,1.044485596707819,0.4534567901234568,0.5053703703703704,2.1746296296296297
406,00:00:13.547,0.9532818930041151,0.3528395061728395,0.48148148148148145,2.0255246913580245
407,00:00:13.580,0.9879732510288065,0.41422839506172837,0.4923148148148148,2.0573765432098767
408,00:00:13.614,1.0079115226337447,0.40141975308641975,0.49225308641975307,2.1300617283950616
409,00:00:13.647,0.985133744855967,0.3992901234567901,0.49296296296296294,2.063148148148148
410,00:00:13.680,1.0763683127572017,0.49429012345679013,0.5028395061728395,2.2319753086419754
411,00:00:13.714,1.0916049382716049,0.5161419753086419,0.4943827160493827,2.26429012345679
412,00:00:13.747,1.1099897119341564,0.48324074074074075,0.5133641975308642,2.333364197530864
413,00:00:13.780,1.0508024691358024,0.4779938271604938,0.4896604938271605,2.1847530864197533
414,00:00:13.814,1.123179012345679,0.48978395061728397,0.5356481481481481,2.344104938271605
415,00:00:13.847,1.0245679012345679,0.44558641975308644,0.48419753086419753,2.14391975308642
416,00:00:13.881,0.9907921810699589,0.3903395061728395,0.5062654320987654,2.0757716049382715
417,00:00:13.914,0.9298456790123457,0.3014506172839506,0.49472222222222223,1.9933641975308642
418,00:00:13.947,1.0162860082304528,0.4257716049382716,0.4842283950617284,2.138858024691358
419,00:00:13.981,1.083724279835391,0.46077160493827163,0.5126851851851851,2.277716049382716
420,00:00:14.014,1.1570164609053497,0.5383333333333333,0.5171913580246914,2.4155246913580246
421,00:00:14.047,1.0280349794238683,0.4257716049382716,0.48592592592592593,2.1724074074074076
422,00:00:14.081,0.99690329218107,0.38231481481481483,0.49373456790123454,2.1146604938271607
423,00:00:14.114,1.011358024691358,0.4125308641975309,0.4879320987654321,2.133611111111111
424,00:00:14.147,1.124938271604938,0.5190432098765432,0.5103395061728395,2.345432098765432
425,00:00:14.181,1.013230452674897,0.3870679012345679,0.483179012345679,2.1694444444444443
426,00:00:14.214,1.0137345679012346,0.3775925925925926,0.4980246913580247,2.1655864197530863
427,00:00:14.248,1.0229732510288068,0.43907407407407406,0.49901234567901237,2.1308333333333334
428,00:00:14.281,1.0546810699588478,0.4469444444444444,0.505,2.2120987654320987
429,00:00:14.314,1.015648148148148,0.3812037037037037,0.49626543209876545,2.1694753086419754
430,00:00:14.348,1.038528806584362,0.4033333333333333,0.508179012345679,2.204074074074074
431,00:00:14.381,1.012253086419753,0.4112654320987654,0.48234567901234565,2.143148148148148
432,00:00:14.414,1.0827880658436215,0.40120370370370373,0.5461728395061728,2.3009876543209877
433,00:00:14.448,1.0112860082304527,0.3639506172839506,0.5130246913580246,2.156882716049383
434,00:00:14.481,1.049074074074074,0.45978395061728394,0.48975308641975307,2.1976851851851853
435,00:00:14.515,1.0758744855967077,0.39438271604938274,0.5230555555555556,2.310185185185185
436,00:00:14.548,1.0253395061728394,0.4230864197530864,0.5041666666666667,2.1487654320987652
437,00:00:14.581,1.0161522633744857,0.43373456790123455,0.49160493827160495,2.1231172839506174
438,00:00:14.615,1.1068004115226338,0.5085185185185185,0.5070061728395062,2.3048765432098763
439,00:00:14.648,1.0745061728395062,0.48901234567901236,0.5177160493827161,2.21679012345679
440,00:00:14.681,1.0059362139917696,0.40339506172839507,0.501358024691358,2.1130555555555555
441,00:00:14.715,1.1095164609053498,0.4299074074074074,0.49506172839506174,2.40358024691358
442,00:00:14.748,1.125133744855967,0.3870679012345679,0.503858024691358,2.4844753086419753
443,00:00:14.781,1.0979732510288065,0.45694444444444443,0.5088271604938271,2.328148148148148
444,00:00:14.815,1.0808333333333333,0.4843827160493827,0.5016975308641975,2.2564197530864196
445,00:00:14.848,1.0143621399176954,0.3074074074074074,0.4949074074074074,2.2407716049382715
446,00:00:14.882,1.1822736625514405,0.4703703703703704,0.5304629629629629,2.545987654320988
447,00:00:14.915,1.0147016460905347,0.39916666666666667,0.5110802469135802,2.133858024691358
448,00:00:14.948,1.007716049382716,0.36712962962962964,0.4989506172839506,2.157067901234568
449,00:00:14.982,0.9355349794238683,0.32771604938271603,0.48462962962962963,1.9942592592592592
450,00:00:15.015,2.3356172839506173,1.385246913580247,0.7809259259259259,4.840679012345679
451,00:00:15.048,0.733343621399177,0.21256172839506174,0.3998148148148148,1.5876543209876544
452,00:00:15.082,0.9118827160493828,0.3588271604938272,0.47737654320987655,1.8994444444444445
453,00:00:15.115,0.8325,0.2616358024691358,0.4562962962962963,1.779567901234568
454,00:00:15.148,0.8714814814814815,0.30342592592592593,0.4531172839506173,1.8579012345679011
455,00:00:15.182,0.8690020576131688,0.3413888888888889,0.44864197530864197,1.8169753086419753
456,00:00:15.215,0.8947325102880659,0.27780864197530863,0.47487654320987654,1.9315123456790124
457,00:00:15.249,0.8501440329218107,0.31092592592592594,0.44277777777777777,1.7967283950617283
458,00:00:15.282,0.9026131687242799,0.30617283950617286,0.48842592592592593,1.9132407407407408
459,00:00:15.315,0.8542181069958849,0.27089506172839506,0.45753086419753086,1.8342283950617284
460,00:00:15.349,0.887849794238683,0.3245679012345679,0.4660493827160494,1.872932098765432
461,00:00:15.382,0.8922119341563786,0.29848765432098767,0.47962962962962963,1.8985185185185185
462,00:00:15.415,0.9278600823045268,0.32083333333333336,0.4838271604938272,1.9789197530864198
463,00:00:15.449,0.8326748971193415,0.2782716049382716,0.4598148148148148,1.7599382716049383
464,00:00:15.482,0.8533230452674897,0.25037037037037035,0.4591049382716049,1.8504938271604938
465,00:00:15.516,0.8952263374485597,0.2816975308641975,0.49006172839506174,1.9139197530864198
466,00:00:15.549,0.9191769547325103,0.3036111111111111,0.48432098765432097,1.9695987654320988
467,00:00:15.582,0.9128189300411522,0.3397222222222222,0.4684259259259259,1.9303086419753086
468,00:00:15.616,0.9422119341563787,0.3145679012345679,0.4895987654320988,2.0224691358024693
469,00:00:15.649,0.9202880658436213,0.30929012345679013,0.48953703703703705,1.962037037037037
470,00:00:15.682,0.9448868312757202,0.38632716049382715,0.4745679012345679,1.9737654320987654
471,00:00:15.716,0.9136831275720164,0.31003086419753084,0.4765432098765432,1.9544753086419753
472,00:00:15.749,0.9230658436213992,0.35648148148148145,0.4749074074074074,1.9378086419753087
473,00:00:15.782,0.9606584362139919,0.3456172839506173,0.49,2.046358024691358
474,00:00:15.816,0.9002674897119342,0.3034567901234568,0.4651851851851852,1.9321604938271606
475,00:00:15.849,0.8918621399176955,0.277037037037037,0.4731172839506173,1.925432098765432
476,00:00:15.883,0.9134567901234568,0.27737654320987654,0.49898148148148147,1.9640123456790124
477,00:00:15.916,0.8746604938271605,0.2865432098765432,0.4622530864197531,1.8751851851851853
478,00:00:15.949,1.0239814814814814,0.384537037037037,0.4833950617283951,2.204012345679012
479,00:00:15.983,0.9649897119341565,0.3785493827160494,0.48021604938271606,2.0362037037037037
480,00:00:16.016,1.0384053497942387,0.4046296296296296,0.49657407407407406,2.2140123456790124
481,00:00:16.049,0.9354423868312757,0.3375925925925926,0.47280864197530864,1.9959259259259259
482,00:00:16.083,0.9384979423868313,0.3366049382716049,0.48746913580246914,1.9914197530864197
483,00:00:16.116,0.9317078189300411,0.3558950617283951,0.47290123456790123,1.966327160493827
484,00:00:16.149,0.9550720164609053,0.3295679012345679,0.4820987654320988,2.0535493827160494
485,00:00:16.183,0.9122530864197532,0.30376543209876544,0.4702777777777778,1.962716049382716
486,00:00:16.216,1.0202057613168725,0.4393518518518518,0.4684259259259259,2.1528395061728394
487,00:00:16.250,0.9615226337448558,0.3642283950617284,0.4851234567901235,2.035216049382716
488,00:00:16.283,0.9931995884773662,0.37635802469135804,0.49410493827160495,2.109135802469136
489,00:00:16.316,0.9019547325102882,0.3200925925925926,0.45080246913580246,1.9349691358024692
490,00:00:16.350,0.9119444444444444,0.2988271604938272,0.4635185185185185,1.9734876543209876
491,00:00:16.383,0.9358539094650206,0.35,0.46737654320987654,1.9901851851851853
492,00:00:16.416,0.9802469135802468,0.3621913580246914,0.4740432098765432,2.104506172839506
493,00:00:16.450,0.9471604938271606,0.35074074074074074,0.45200617283950617,2.0387345679012348
494,00:00:16.483,0.9603806584362141,0.36824074074074076,0.4641975308641975,2.048703703703704
495,00:00:16.517,0.9219032921810699,0.33901234567901234,0.4687962962962963,1.9579012345679012
496,00:00:16.550,0.9243312757201646,0.30484567901234566,0.47845679012345677,1.9896913580246913
497,00:00:16.583,0.8969032921810699,0.28410493827160493,0.45305555555555554,1.9535493827160493
498,00:00:16.617,0.9197736625514402,0.31882716049382714,0.47802469135802467,1.962469135802469
499,00:00:16.650,0.929156378600823,0.3732716049382716,0.45688271604938274,1.9573148148148147
500,00:00:16.683,0.9334876543209877,0.3047222222222222,0.47651234567901235,2.0192283950617282
501,00:00:16.717,0.8591769547325102,0.2612654320987654,0.4516358024691358,1.8646296296296296
502,00:00:16.750,0.9057921810699588,0.2939506172839506,0.4612962962962963,1.9621296296296296
503,00:00:16.783,0.8989814814814815,0.27469135802469136,0.4492283950617284,1.9730246913580247
504,00:00:16.817,0.9279938271604938,0.34160493827160493,0.466358024691358,1.9760185185185186
505,00:00:16.850,0.9276748971193416,0.36104938271604936,0.45317901234567903,1.9687962962962964
506,00:00:16.884,1.0202674897119342,0.43256172839506174,0.4833024691358025,2.1449382716049383
507,00:00:16.917,0.8978909465020576,0.3130246913580247,0.4504320987654321,1.930216049382716
508,00:00:16.950,0.9702880658436214,0.39404320987654323,0.46487654320987654,2.0519444444444446
509,00:00:16.984,0.8863991769547326,0.3346604938271605,0.45404320987654323,1.8704938271604938
510,00:00:17.017,0.961985596707819,0.3887037037037037,0.4584567901234568,2.0387962962962964
511,00:00:17.050,0.9569547325102881,0.37839506172839504,0.45287037037037037,2.039598765432099
512,00:00:17.084,0.9943106995884774,0.384537037037037,0.4812345679012346,2.1171604938271606
513,00:00:17.117,0.919238683127572,0.39947530864197534,0.434783950617284,1.9234567901234567
514,00:00:17.150,0.931224279835391,0.3753395061728395,0.46478395061728395,1.9535493827160493
515,00:00:17.184,0.9312551440329218,0.3638271604938272,0.4503086419753086,1.9796296296296296
516,00:00:17.217,0.8771810699588477,0.304320987654321,0.45157407407407407,1.8756481481481482
517,00:00:17.251,0.9227263374485597,0.3374382716049383,0.4397839506172839,1.9909567901234568
518,00:00:17.284,0.8749279835390946,0.31299382716049384,0.42833333333333334,1.8834567901234567
519,00:00:17.317,0.9527057613168725,0.34882716049382717,0.4562654320987654,2.053024691358025
520,00:00:17.351,0.9664711934156377,0.3412345679012346,0.4612654320987654,2.0969135802469134
521,00:00:17.384,0.938775720164609,0.3059567901234568,0.454537037037037,2.055833333333333
522,00:00:17.417,0.918179012345679,0.3429938271604938,0.45157407407407407,1.9599691358024691
523,00:00:17.451,0.7920164609053497,0.2108641975308642,0.4108950617283951,1.75429012345679
524,00:00:17.484,0.9345679012345678,0.32598765432098764,0.44290123456790126,2.0348148148148146
525,00:00:17.518,0.9771810699588478,0.36364197530864195,0.45049382716049385,2.1174074074074074
526,00:00:17.551,0.8742283950617286,0.31885802469135804,0.4186111111111111,1.8852160493827161
527,00:00:17.584,0.9066255144032921,0.280679012345679,0.4510493827160494,1.9881481481481482
528,00:00:17.618,0.9868930041152263,0.3895679012345679,0.44598765432098764,2.1251234567901234
529,00:00:17.651,0.9196090534979423,0.3232407407407407,0.43324074074074076,2.0023456790123455
530,00:00:17.684,0.9276748971193417,0.29435185185185186,0.43373456790123455,2.0549382716049385
531,00:00:17.718,0.9069855967078189,0.3228086419753086,0.42540123456790124,1.972746913580247
532,00:00:17.751,0.8967592592592594,0.3322222222222222,0.43061728395061727,1.9274382716049383
533,00:00:17.784,0.8913477366255144,0.30648148148148147,0.4318518518518519,1.93570987654321
534,00:00:17.818,0.9414506172839504,0.33796296296296297,0.4332716049382716,2.053117283950617
535,00:00:17.851,0.9829732510288065,0.38756172839506176,0.44675925925925924,2.1145987654320986
536,00:00:17.885,0.8674382716049384,0.27228395061728394,0.42095679012345677,1.9090740740740741
537,00:00:17.918,0.8754320987654319,0.29811728395061726,0.41746913580246914,1.9107098765432098
538,00:00:17.951,0.9110185185185186,0.31953703703703706,0.42669753086419754,1.986820987654321
539,00:00:17.985,0.8733230452674897,0.28858024691358025,0.42126543209876544,1.9101234567901235
540,00:00:18.018,2.202942386831276,1.2821913580246913,0.6662345679012346,4.660401234567901
541,00:00:18.051,0.6481481481481481,0.19234567901234567,0.3415432098765432,1.4105555555555556
542,00:00:18.085,0.7483333333333334,0.26135802469135805,0.38348765432098764,1.6001543209876543
543,00:00:18.118,0.8167901234567901,0.35237654320987655,0.39589506172839506,1.7020987654320987
544,00:00:18.151,0.7848559670781893,0.25114197530864196,0.3819444444444444,1.7214814814814814
545,00:00:18.185,0.8070884773662552,0.3137962962962963,0.3976543209876543,1.709814814814815
546,00:00:18.218,0.7825720164609052,0.27608024691358024,0.3891975308641975,1.6824382716049382
547,00:00:18.252,0.749485596707819,0.28160493827160493,0.3825925925925926,1.5842592592592593
548,00:00:18.285,0.7430967078189301,0.24567901234567902,0.39243827160493827,1.5911728395061728
549,00:00:18.318,0.7755349794238683,0.25589506172839505,0.38895061728395064,1.6817592592592592
550,00:00:18.352,0.7959876543209877,0.31601851851851853,0.3824074074074074,1.689537037037037
551,00:00:18.385,0.77369341563786,0.24993827160493828,0.40151234567901234,1.6696296296296296
552,00:00:18.418,0.7520781893004115,0.22666666666666666,0.40228395061728395,1.627283950617284
553,00:00:18.452,0.79690329218107,0.2995679012345679,0.3958333333333333,1.6953086419753087
554,00:00:18.485,0.7663168724279835,0.25848765432098764,0.3812962962962963,1.6591666666666667
555,00:00:18.519,0.7805246913580247,0.25070987654320986,0.395,1.6958641975308641
556,00:00:18.552,0.7739094650205761,0.23777777777777778,0.3904938271604938,1.6934567901234567
557,00:00:18.585,0.8842489711934155,0.3459567901234568,0.40262345679012346,1.9041666666666666
558,00:00:18.619,0.7867283950617283,0.2774074074074074,0.4007098765432099,1.6820679012345678
559,00:00:18.652,0.8303600823045266,0.2824382716049383,0.4105864197530864,1.7980555555555555
560,00:00:18.685,0.7923662551440329,0.25981481481481483,0.3912654320987654,1.7260185185185186
561,00:00:18.719,0.8350617283950618,0.3387654320987654,0.39848765432098765,1.7679320987654321
562,00:00:18.752,0.8559773662551441,0.32135802469135805,0.3928086419753086,1.8537654320987655
563,00:00:18.785,0.8219032921810699,0.32407407407407407,0.3784567901234568,1.763179012345679
564,00:00:18.819,0.8133230452674898,0.31367283950617286,0.38429012345679014,1.7420061728395062
565,00:00:18.852,0.87880658436214,0.315,0.4160493827160494,1.9053703703703704
566,00:00:18.886,0.7813168724279835,0.30722222222222223,0.37919753086419755,1.6575308641975308
567,00:00:18.919,0.8670781893004116,0.33796296296296297,0.38580246913580246,1.877469135802469
568,00:00:18.952,0.7782921810699589,0.2774691358024691,0.3825925925925926,1.6748148148148148
569,00:00:18.986,0.7999485596707819,0.2895679012345679,0.37962962962962965,1.7306481481481482
570,00:00:19.019,0.8047942386831276,0.30882716049382714,0.3812962962962963,1.7242592592592592
571,00:00:19.052,0.7674794238683127,0.26521604938271603,0.3598148148148148,1.6774074074074075
572,00:00:19.086,0.8140329218106995,0.2842901234567901,0.38228395061728393,1.7755246913580247
573,00:00:19.119,0.811604938271605,0.2785493827160494,0.38228395061728393,1.7739814814814814
574,00:00:19.152,0.8432407407407408,0.3429938271604938,0.37503086419753084,1.8116975308641976
575,00:00:19.186,0.854537037037037,0.2898148148148148,0.41219135802469137,1.861604938271605
576,00:00:19.219,0.8185185185185185,0.2913271604938272,0.3797530864197531,1.7844753086419753
577,00:00:19.253,0.7560596707818931,0.23493827160493827,0.36049382716049383,1.6727469135802469
578,00:00:19.286,0.7983847736625513,0.2582407407407407,0.37537037037037035,1.7615432098765431
579,00:00:19.319,0.7491769547325102,0.2632098765432099,0.3533950617283951,1.630925925925926
580,00:00:19.353,0.8280864197530864,0.29725308641975307,0.39459876543209876,1.7924074074074074
581,00:00:19.386,0.7702777777777778,0.24132716049382716,0.37614197530864196,1.6933641975308642
582,00:00:19.419,0.7569032921810699,0.21450617283950618,0.3700925925925926,1.6861111111111111
583,00:00:19.453,0.77,0.22709876543209875,0.37407407407407406,1.7088271604938272
584,00:00:19.486,0.824238683127572,0.32651234567901233,0.36432098765432097,1.7818827160493826
585,00:00:19.520,0.751141975308642,0.22953703703703704,0.3536111111111111,1.6702777777777778
586,00:00:19.553,0.8194444444444445,0.2647530864197531,0.37364197530864196,1.8199382716049384
587,00:00:19.586,0.7755658436213992,0.2688888888888889,0.35182098765432096,1.7059876543209878
588,00:00:19.620,0.9445781893004117,0.4354320987654321,0.3961728395061728,2.00212962962963
589,00:00:19.653,0.900977366255144,0.3484567901234568,0.3854320987654321,1.9690432098765431
590,00:00:19.686,0.847335390946502,0.3096604938271605,0.35962962962962963,1.872716049382716
591,00:00:19.720,0.8003292181069958,0.3220679012345679,0.3467901234567901,1.7321296296296296
592,00:00:19.753,0.8432098765432099,0.31851851851851853,0.37037037037037035,1.8407407407407408
593,00:00:19.786,0.8137139917695473,0.2746296296296296,0.35669753086419753,1.8098148148148148
594,00:00:19.820,0.7824074074074073,0.2576851851851852,0.3490432098765432,1.7404938271604937
595,00:00:19.853,0.9183539094650207,0.39651234567901233,0.3761111111111111,1.9824382716049382
596,00:00:19.887,0.8026851851851853,0.2672530864197531,0.3612345679012346,1.779567901234568
597,00:00:19.920,0.7695164609053498,0.25030864197530867,0.3461111111111111,1.7121296296296296
598,00:00:19.953,0.7565534979423868,0.26969135802469135,0.33891975308641975,1.6610493827160493
599,00:00:19.987,0.8773559670781892,0.3287654320987654,0.36950617283950615,1.9337962962962962
600,00:00:20.020,0.9347633744855965,0.3886728395061728,0.3693518518518519,2.046265432098765
601,00:00:20.053,0.9094032921810701,0.35074074074074074,0.3539506172839506,2.0235185185185185
602,00:00:20.087,0.8349279835390946,0.2826851851851852,0.3475308641975309,1.874567901234568
603,00:00:20.120,0.8167592592592593,0.2898456790123457,0.35203703703703704,1.808395061728395
604,00:00:20.153,0.8301748971193416,0.2622530864197531,0.36246913580246914,1.8658024691358024
605,00:00:20.187,0.7263683127572017,0.21364197530864198,0.3291975308641975,1.6362654320987655
606,00:00:20.220,0.8201131687242799,0.2142283950617284,0.3406172839506173,1.9054938271604938
607,00:00:20.254,0.9481481481481481,0.28185185185185185,0.36743827160493825,2.1951543209876543
608,00:00:20.287,0.816954732510288,0.2773148148148148,0.35824074074074075,1.8153086419753086
609,00:00:20.320,0.7355658436213992,0.2018827160493827,0.32830246913580247,1.6765123456790123
610,00:00:20.354,0.8244032921810699,0.29648148148148146,0.3421296296296296,1.8345987654320988
611,00:00:20.387,0.8369753086419752,0.28716049382716047,0.35978395061728397,1.8639814814814815
612,00:00:20.420,0.8260493827160494,0.30018518518518517,0.3544753086419753,1.8234876543209877
613,00:00:20.454,0.8019238683127572,0.3079320987654321,0.3364506172839506,1.761388888888889
614,00:00:20.487,0.781707818930041,0.2428395061728395,0.3370061728395062,1.7652777777777777
615,00:00:20.521,0.8200411522633745,0.2749382716049383,0.3487037037037037,1.8364814814814814
616,00:00:20.554,0.7907818930041152,0.24719135802469136,0.3399074074074074,1.785246913580247
617,00:00:20.587,0.9037037037037038,0.3512345679012346,0.3503395061728395,2.009537037037037
618,00:00:20.621,0.7570473251028806,0.21253086419753087,0.3169135802469136,1.7416975308641975
619,00:00:20.654,0.7811213991769548,0.25290123456790126,0.3319135802469136,1.7585493827160494
620,00:00:20.687,0.7971296296296296,0.23796296296296296,0.3358641975308642,1.8175617283950618
621,00:00:20.721,0.8083539094650205,0.27608024691358024,0.3279320987654321,1.8210493827160494
622,00:00:20.754,0.8333230452674897,0.27666666666666667,0.34271604938271605,1.8805864197530864
623,00:00:20.787,0.7847222222222222,0.24388888888888888,0.336358024691358,1.7739197530864197
624,00:00:20.821,0.7712448559670783,0.21231481481481482,0.32435185185185184,1.7770679012345678
625,00:00:20.854,0.7707818930041151,0.2506172839506173,0.3141358024691358,1.7475925925925926
626,00:00:20.888,0.771954732510288,0.2912037037037037,0.3319135802469136,1.6927469135802469
627,00:00:20.921,0.804238683127572,0.27154320987654323,0.3362654320987654,1.8049074074074074
628,00:00:20.954,0.8084053497942386,0.2689814814814815,0.3375617283950617,1.8186728395061729
629,00:00:20.988,0.8094855967078188,0.2854938271604938,0.3354012345679012,1.8075617283950618
630,00:00:21.021,1.9491769547325102,1.099104938271605,0.552037037037037,4.1963888888888885
631,00:00:21.054,0.5345576131687243,0.11296296296296296,0.24049382716049383,1.2502160493827161
632,00:00:21.088,0.7347427983539095,0.28262345679012346,0.30182098765432097,1.619783950617284
633,00:00:21.121,0.6516460905349793,0.19577160493827162,0.2814506172839506,1.477716049382716
634,00:00:21.154,0.6999794238683128,0.21830246913580248,0.29842592592592593,1.5832098765432099
635,00:00:21.188,0.675679012345679,0.23444444444444446,0.3019753086419753,1.4906172839506173
636,00:00:21.221,0.6662448559670782,0.206820987654321,0.2991358024691358,1.4927777777777778
637,00:00:21.255,0.6802880658436213,0.23265432098765432,0.28848765432098766,1.5197222222222222
638,00:00:21.288,0.7178189300411523,0.24450617283950618,0.29641975308641977,1.6125308641975309
639,00:00:21.321,0.7410390946502058,0.24882716049382717,0.3057716049382716,1.6685185185185185
640,00:00:21.355,0.8088168724279835,0.3208641975308642,0.29311728395061726,1.8124691358024692
641,00:00:21.388,0.8149279835390946,0.26395061728395064,0.30617283950617286,1.8746604938271605
642,00:00:21.421,0.796358024691358,0.2754320987654321,0.3145679012345679,1.799074074074074
643,00:00:21.455,0.8155349794238683,0.31537037037037036,0.2781172839506173,1.8531172839506174
644,00:00:21.488,0.8782510288065843,0.3298456790123457,0.3144753086419753,1.990432098765432
645,00:00:21.522,0.7877057613168725,0.2553395061728395,0.30453703703703705,1.8032407407407407
646,00:00:21.555,0.7735596707818929,0.297962962962963,0.28996913580246914,1.732746913580247
647,00:00:21.588,0.8081687242798354,0.28848765432098766,0.30901234567901237,1.8270061728395062
648,00:00:21.622,0.7804115226337448,0.2429320987654321,0.29126543209876543,1.807037037037037
649,00:00:21.655,0.8389917695473251,0.28540123456790123,0.3062037037037037,1.9253703703703704
650,00:00:21.688,0.8517283950617284,0.31882716049382714,0.3001543209876543,1.9362037037037036
651,00:00:21.722,0.695216049382716,0.1648148148148148,0.28780864197530864,1.6330246913580246
652,00:00:21.755,0.7901440329218107,0.2627777777777778,0.30367283950617285,1.8039814814814814
653,00:00:21.788,0.6903600823045267,0.21549382716049384,0.28379629629629627,1.5717901234567901
654,00:00:21.822,0.7555041152263374,0.24972222222222223,0.3109567901234568,1.7058333333333333
655,00:00:21.855,0.8315432098765432,0.30679012345679013,0.3023148148148148,1.8855246913580246
656,00:00:21.889,0.800298353909465,0.26209876543209876,0.2958024691358025,1.8429938271604938
657,00:00:21.922,0.719187242798354,0.23743827160493827,0.28194444444444444,1.638179012345679
658,00:00:21.955,0.770380658436214,0.27064814814814814,0.29685185185185187,1.743641975308642
659,00:00:21.989,0.6926131687242797,0.21839506172839507,0.2810185185185185,1.578425925925926
660,00:00:22.022,0.9669958847736626,0.2801851851851852,0.32478395061728393,2.2960185185185185
661,00:00:22.055,0.7361111111111112,0.17450617283950617,0.2842283950617284,1.7495987654320988
662,00:00:22.089,0.8043621399176955,0.26666666666666666,0.31012345679012343,1.8362962962962963
663,00:00:22.122,0.8852777777777777,0.24858024691358024,0.30910493827160496,2.098148148148148
664,00:00:22.155,0.6879938271604938,0.21299382716049384,0.2883950617283951,1.5625925925925925
665,00:00:22.189,0.8821399176954733,0.32132716049382715,0.32385802469135805,2.0012345679012347
666,00:00:22.222,0.7909979423868312,0.19246913580246913,0.31296296296296294,1.8675617283950616
667,00:00:22.256,0.7671296296296296,0.23416666666666666,0.3189814814814815,1.7482407407407408
668,00:00:22.289,0.8407201646090535,0.22114197530864196,0.3189814814814815,1.982037037037037
669,00:00:22.322,0.7803189300411523,0.18324074074074073,0.30373456790123454,1.8539814814814815
670,00:00:22.356,0.8219650205761319,0.29333333333333333,0.30669753086419754,1.8658641975308643
671,00:00:22.389,0.7718106995884773,0.23191358024691358,0.31058641975308643,1.772932098765432
672,00:00:22.422,0.8972942386831276,0.3332716049382716,0.30925925925925923,2.049351851851852
673,00:00:22.456,0.9677777777777777,0.36141975308641977,0.3187962962962963,2.2231172839506175
674,00:00:22.489,0.8607304526748972,0.25435185185185183,0.3087962962962963,2.019043209876543
675,00:00:22.523,0.7593004115226337,0.20969135802469135,0.3001543209876543,1.7680555555555555
676,00:00:22.556,0.7815534979423869,0.19549382716049382,0.30462962962962964,1.844537037037037
677,00:00:22.589,0.8310493827160493,0.23243827160493827,0.3280246913580247,1.9326851851851852
678,00:00:22.623,0.7807510288065843,0.2199074074074074,0.29907407407407405,1.8232716049382716
679,00:00:22.656,0.8313991769547325,0.22459876543209878,0.3166358024691358,1.952962962962963
680,00:00:22.689,0.7644753086419752,0.20530864197530865,0.29518518518518516,1.792932098765432
681,00:00:22.723,0.9617695473251029,0.35824074074074075,0.31373456790123455,2.2133333333333334
682,00:00:22.756,0.8683127572016461,0.28845679012345676,0.31762345679012344,1.998858024691358
683,00:00:22.789,0.8241358024691358,0.2496604938271605,0.30666666666666664,1.9160802469135803
684,00:00:22.823,0.8051646090534978,0.245,0.31580246913580245,1.8546913580246913
685,00:00:22.856,0.8176131687242799,0.21969135802469136,0.31675925925925924,1.916388888888889
686,00:00:22.890,0.9049279835390945,0.3062037037037037,0.31262345679012343,2.0959567901234566
687,00:00:22.923,0.7103292181069958,0.16833333333333333,0.30061728395061726,1.662037037037037
688,00:00:22.956,0.7946193415637861,0.2229320987654321,0.30521604938271607,1.8557098765432098
689,00:00:22.990,0.878827160493827,0.24299382716049384,0.3288888888888889,2.0645987654320987
690,00:00:23.023,0.775545267489712,0.2137962962962963,0.29712962962962963,1.8157098765432098
691,00:00:23.056,0.8194650205761317,0.2196604938271605,0.3269444444444444,1.9117901234567902
692,00:00:23.090,0.8908539094650205,0.33080246913580247,0.3198765432098765,2.0218827160493826
693,00:00:23.123,0.822746913580247,0.2412037037037037,0.3162962962962963,1.9107407407407409
694,00:00:23.156,0.8050205761316871,0.22126543209876542,0.30419753086419754,1.8895987654320987
695,00:00:23.190,0.9198868312757202,0.30246913580246915,0.3259567901234568,2.1312345679012346
696,00:00:23.223,0.8305658436213991,0.2598765432098765,0.31632716049382714,1.9154938271604938
697,00:00:23.257,0.8329835390946502,0.2519753086419753,0.32083333333333336,1.926141975308642
698,00:00:23.290,0.7392798353909464,0.16608024691358025,0.32787037037037037,1.7238888888888888
699,00:00:23.323,0.8551440329218106,0.20734567901234568,0.3279938271604938,2.0300925925925926
700,00:00:23.357,0.7901543209876544,0.23703703703703705,0.32709876543209876,1.8063271604938271
701,00:00:23.390,0.7938374485596708,0.18854938271604937,0.324320987654321,1.868641975308642
702,00:00:23.423,0.7765946502057615,0.20657407407407408,0.3111111111111111,1.8120987654320988
703,00:00:23.457,0.8223868312757202,0.19870370370370372,0.3147530864197531,1.9537037037037037
704,00:00:23.490,0.7069650205761316,0.15311728395061727,0.30648148148148147,1.6612962962962963
705,00:00:23.524,0.9092798353909467,0.3371296296296296,0.3326543209876543,2.0580555555555557
706,00:00:23.557,0.8457407407407408,0.23271604938271606,0.32157407407407407,1.9829320987654322
707,00:00:23.590,0.8229629629629628,0.24200617283950618,0.33064814814814814,1.8962345679012345
708,00:00:23.624,0.8077983539094649,0.24925925925925926,0.31416666666666665,1.859969135802469
709,00:00:23.657,0.8845267489711935,0.23407407407407407,0.3306172839506173,2.088888888888889
710,00:00:23.690,0.7990637860082305,0.2426851851851852,0.30675925925925923,1.847746913580247
711,00:00:23.724,0.8373456790123456,0.21993827160493828,0.3324382716049383,1.9596604938271605
712,00:00:23.757,0.8207304526748972,0.18685185185185185,0.3269444444444444,1.9483950617283952
713,00:00:23.790,0.8410802469135802,0.23453703703703704,0.3404320987654321,1.9482716049382716
714,00:00:23.824,0.7853086419753087,0.20895061728395062,0.32274691358024693,1.8242283950617284
715,00:00:23.857,0.8053189300411523,0.23246913580246914,0.3279012345679012,1.8555864197530865
716,00:00:23.891,0.7799279835390948,0.2144135802469136,0.3267283950617284,1.798641975308642
717,00:00:23.924,0.8667489711934158,0.29987654320987656,0.3466975308641975,1.9536728395061729
718,00:00:23.957,0.7872016460905349,0.23814814814814814,0.30530864197530866,1.818148148148148
719,00:00:23.991,0.7757510288065843,0.22867283950617284,0.32419753086419756,1.7743827160493828
720,00:00:24.024,2.133786008230453,1.2317283950617284,0.5779938271604939,4.591635802469136
721,00:00:24.057,0.5688991769547326,0.0954320987654321,0.2505246913580247,1.3607407407407408
722,00:00:24.091,0.6540329218106996,0.1554320987654321,0.2851543209876543,1.5215123456790123
723,00:00:24.124,0.6816769547325103,0.210679012345679,0.3089506172839506,1.5254012345679013
724,00:00:24.157,0.6299074074074075,0.17212962962962963,0.27175925925925926,1.4458333333333333
725,00:00:24.191,0.6768004115226337,0.16364197530864197,0.30589506172839503,1.5608641975308641
726,00:00:24.224,0.6599074074074075,0.18978395061728395,0.291358024691358,1.4985802469135803
727,00:00:24.258,0.6810699588477366,0.1921604938271605,0.3172839506172839,1.5337654320987655
728,00:00:24.291,0.683724279835391,0.16854938271604938,0.31080246913580245,1.571820987654321
729,00:00:24.324,0.7308230452674896,0.22521604938271605,0.33382716049382716,1.6334259259259258
730,00:00:24.358,0.7593312757201646,0.21280864197530863,0.31959876543209875,1.7455864197530864
731,00:00:24.391,0.7392489711934157,0.21682098765432098,0.32175925925925924,1.6791666666666667
732,00:00:24.424,0.7262448559670783,0.1998148148148148,0.3093827160493827,1.669537037037037
733,00:00:24.458,0.7676543209876542,0.19521604938271606,0.3294135802469136,1.7783333333333333
734,00:00:24.491,0.8124382716049383,0.26209876543209876,0.35583333333333333,1.8193827160493827
735,00:00:24.525,0.7324588477366255,0.2603086419753086,0.30546296296296294,1.631604938271605
736,00:00:24.558,0.7849176954732511,0.2556172839506173,0.3526543209876543,1.7464814814814815
737,00:00:24.591,0.7910905349794238,0.2433641975308642,0.33641975308641975,1.7934876543209877
738,00:00:24.625,0.7603189300411524,0.22361111111111112,0.33839506172839506,1.7189506172839506
739,00:00:24.658,0.7773559670781892,0.2387037037037037,0.3435185185185185,1.7498456790123458
740,00:00:24.691,0.8144753086419753,0.2864814814814815,0.3419135802469136,1.8150308641975308
741,00:00:24.725,0.8543312757201647,0.3309567901234568,0.346820987654321,1.8852160493827161
742,00:00:24.758,0.7901234567901234,0.2690740740740741,0.3479938271604938,1.7533024691358026
743,00:00:24.791,0.7872222222222223,0.23419753086419753,0.36484567901234566,1.7626234567901236
744,00:00:24.825,0.8378600823045268,0.29996913580246914,0.36648148148148146,1.8471296296296296
745,00:00:24.858,0.7812345679012346,0.21425925925925926,0.35012345679012347,1.779320987654321
746,00:00:24.892,0.8041975308641977,0.24601851851851853,0.365679012345679,1.800895061728395
747,00:00:24.925,0.7778497942386832,0.2171604938271605,0.35475308641975306,1.7616358024691359
748,00:00:24.958,0.8658436213991769,0.2704320987654321,0.35512345679012347,1.9719753086419753
749,00:00:24.992,0.8354423868312758,0.2763888888888889,0.36212962962962963,1.8678086419753086
750,00:00:25.025,0.8663168724279835,0.2629320987654321,0.3596604938271605,1.9763580246913581
751,00:00:25.058,0.8038271604938272,0.22820987654320987,0.35845679012345677,1.824814814814815
752,00:00:25.092,0.9322633744855966,0.3437345679012346,0.3819753086419753,2.07108024691358
753,00:00:25.125,0.8617592592592591,0.2820679012345679,0.3794444444444444,1.9237654320987654
754,00:00:25.158,0.817201646090535,0.22898148148148148,0.35333333333333333,1.86929012345679
755,00:00:25.192,0.8683539094650206,0.25675925925925924,0.3871604938271605,1.9611419753086419
756,00:00:25.225,0.8450617283950616,0.27064814814814814,0.3593827160493827,1.9051543209876542
757,00:00:25.259,0.833775720164609,0.21333333333333335,0.36561728395061727,1.9223765432098765
758,00:00:25.292,0.8902057613168726,0.26450617283950617,0.3805246913580247,2.0255864197530866
759,00:00:25.325,0.8925102880658438,0.29151234567901235,0.3735185185185185,2.0125
760,00:00:25.359,0.8461625514403291,0.23972222222222223,0.3803395061728395,1.918425925925926
761,00:00:25.392,0.9311111111111111,0.29475308641975306,0.38925925925925925,2.109320987654321
762,00:00:25.425,1.1143106995884773,0.4716358024691358,0.38712962962962966,2.484166666666667
763,00:00:25.459,0.9559156378600823,0.3327777777777778,0.4011111111111111,2.133858024691358
764,00:00:25.492,0.852880658436214,0.20469135802469135,0.3883641975308642,1.9655864197530863
765,00:00:25.526,0.9360082304526749,0.31339506172839504,0.391141975308642,2.1034876543209875
766,00:00:25.559,1.0225205761316871,0.3962654320987654,0.3794444444444444,2.291851851851852
767,00:00:25.592,0.9539711934156377,0.3164814814814815,0.39537037037037037,2.1500617283950616
768,00:00:25.626,0.8808847736625514,0.2419135802469136,0.3904938271604938,2.010246913580247
769,00:00:25.659,0.9140432098765432,0.28953703703703704,0.4000617283950617,2.052530864197531
770,00:00:25.692,0.8424074074074074,0.22700617283950617,0.389537037037037,1.910679012345679
771,00:00:25.726,0.8608436213991769,0.22132716049382717,0.4066358024691358,1.9545679012345678
772,00:00:25.759,0.879320987654321,0.26938271604938274,0.4003703703703704,1.96820987654321
773,00:00:25.792,0.8687860082304527,0.2709567901234568,0.37919753086419755,1.9562037037037037
774,00:00:25.826,0.9595884773662552,0.2629320987654321,0.4175308641975309,2.1983024691358026
775,00:00:25.859,0.9534362139917696,0.2356172839506173,0.3966975308641975,2.227993827160494
776,00:00:25.893,0.9250205761316873,0.2820061728395062,0.40564814814814815,2.0874074074074076
777,00:00:25.926,0.907253086419753,0.3137962962962963,0.39435185185185184,2.013611111111111
778,00:00:25.959,0.8883333333333333,0.2444753086419753,0.4137962962962963,2.0067283950617285
779,00:00:25.993,0.8747736625514403,0.2179320987654321,0.4060493827160494,2.0003395061728395
780,00:00:26.026,0.9212242798353909,0.2636728395061728,0.41117283950617284,2.0888271604938273
781,00:00:26.059,0.9356687242798354,0.2603086419753086,0.41478395061728396,2.1319135802469136
782,00:00:26.093,0.9075823045267489,0.2650925925925926,0.40194444444444444,2.05570987654321
783,00:00:26.126,0.9633641975308643,0.25645061728395063,0.4199074074074074,2.2137345679012346
784,00:00:26.159,0.9153600823045268,0.24876543209876542,0.41021604938271605,2.0870987654320987
785,00:00:26.193,0.9031275720164609,0.2607407407407407,0.4213271604938272,2.027314814814815
786,00:00:26.226,0.9438477366255144,0.24694444444444444,0.413858024691358,2.1707407407407406
787,00:00:26.260,1.054022633744856,0.336358024691358,0.4277469135802469,2.397962962962963
788,00:00:26.293,0.8893312757201645,0.2362962962962963,0.4220987654320988,2.0095987654320986
789,00:00:26.326,0.9017798353909464,0.26373456790123456,0.42799382716049383,2.013611111111111
790,00:00:26.360,0.8894238683127571,0.2577777777777778,0.4168827160493827,1.993611111111111
791,00:00:26.393,0.9996604938271605,0.2666049382716049,0.44083333333333335,2.291543209876543
792,00:00:26.426,0.9744753086419754,0.2644444444444444,0.42095679012345677,2.238024691358025
793,00:00:26.460,0.9895267489711935,0.23632716049382715,0.44098765432098763,2.2912654320987653
794,00:00:26.493,0.9686316872427984,0.28521604938271605,0.4259876543209877,2.1946913580246914
795,00:00:26.527,0.8870679012345679,0.24493827160493828,0.4289197530864198,1.9873456790123456
796,00:00:26.560,0.9827674897119341,0.33478395061728394,0.4511728395061728,2.1623456790123456
797,00:00:26.593,0.8642181069958847,0.24589506172839506,0.41694444444444445,1.9298148148148149
798,00:00:26.627,0.9433539094650207,0.28391975308641976,0.43265432098765433,2.1134876543209877
799,00:00:26.660,0.8845884773662552,0.27574074074074073,0.42987654320987656,1.9481481481481482
800,00:00:26.693,0.87809670781893,0.22919753086419753,0.44339506172839505,1.9616975308641975
801,00:00:26.727,0.9481275720164609,0.26049382716049385,0.44496913580246916,2.13891975308642
802,00:00:26.760,0.905514403292181,0.25425925925925924,0.43104938271604937,2.0312345679012345
803,00:00:26.793,0.8602777777777777,0.24330246913580247,0.4275308641975309,1.91
804,00:00:26.827,0.9428497942386832,0.2975308641975309,0.4404320987654321,2.0905864197530866
805,00:00:26.860,0.8711625514403293,0.25135802469135804,0.4303395061728395,1.93179012345679
806,00:00:26.894,0.947232510288066,0.31555555555555553,0.45493827160493827,2.071203703703704
807,00:00:26.927,0.9888888888888888,0.3513271604938272,0.4473765432098765,2.167962962962963
808,00:00:26.960,0.9869444444444445,0.36376543209876544,0.44771604938271603,2.149351851851852
809,00:00:26.994,0.9406069958847736,0.333858024691358,0.4364506172839506,2.0515123456790123
810,00:00:27.027,2.2365432098765434,1.277037037037037,0.6830864197530864,4.7495061728395065
811,00:00:27.060,0.6311831275720164,0.1380246913580247,0.3387654320987654,1.4167592592592593
812,00:00:27.094,0.8320781893004114,0.23555555555555555,0.42141975308641977,1.8392592592592591
813,00:00:27.127,0.7988991769547326,0.23037037037037036,0.42651234567901236,1.739814814814815
814,00:00:27.160,0.8417592592592592,0.250679012345679,0.43450617283950616,1.8400925925925926
815,00:00:27.194,0.7768930041152263,0.22929012345679012,0.4133641975308642,1.6880246913580248
816,00:00:27.227,0.7879423868312757,0.2423456790123457,0.4145061728395062,1.7069753086419752
817,00:00:27.261,0.8374588477366256,0.2432716049382716,0.4267283950617284,1.8423765432098766
818,00:00:27.294,0.8015329218106996,0.2695679012345679,0.42117283950617285,1.713858024691358
819,00:00:27.327,0.8949279835390946,0.2507716049382716,0.44200617283950616,1.9920061728395062
820,00:00:27.361,0.9314917695473252,0.33382716049382716,0.46030864197530863,2.0003395061728395
821,00:00:27.394,0.8830349794238682,0.30364197530864195,0.4307716049382716,1.9146913580246914
822,00:00:27.427,0.9451440329218106,0.32339506172839505,0.458641975308642,2.053395061728395
823,00:00:27.461,0.8873456790123457,0.32092592592592595,0.4423765432098765,1.8987345679012346
824,00:00:27.494,0.8997119341563785,0.23179012345679012,0.4560493827160494,2.011296296296296
825,00:00:27.528,0.8510596707818929,0.2870987654320988,0.4428395061728395,1.8232407407407407
826,00:00:27.561,0.9617386831275718,0.3317283950617284,0.45753086419753086,2.0959567901234566
827,00:00:27.594,0.9073765432098765,0.32549382716049385,0.4550617283950617,1.9415740740740741
828,00:00:27.628,0.9156995884773663,0.2623456790123457,0.4804320987654321,2.004320987654321
829,00:00:27.661,1.0342283950617284,0.41376543209876543,0.4712654320987654,2.2176543209876542
830,00:00:27.694,1.119125514403292,0.497283950617284,0.4750308641975309,2.385061728395062
831,00:00:27.728,1.0841666666666667,0.44459876543209875,0.4852469135802469,2.3226543209876542
832,00:00:27.761,0.8919135802469137,0.266141975308642,0.46910493827160493,1.940493827160494
833,00:00:27.794,1.053127572016461,0.43493827160493825,0.46339506172839506,2.2610493827160494
834,00:00:27.828,0.9436111111111112,0.3350925925925926,0.4741358024691358,2.021604938271605
835,00:00:27.861,0.965432098765432,0.3461111111111111,0.4726543209876543,2.0775308641975307
836,00:00:27.895,1.1527880658436214,0.49117283950617285,0.4926543209876543,2.474537037037037
837,00:00:27.928,1.0804526748971195,0.42027777777777775,0.48604938271604936,2.335030864197531
838,00:00:27.961,0.9191049382716049,0.3047222222222222,0.46185185185185185,1.9907407407407407
839,00:00:27.995,0.9244753086419752,0.3310493827160494,0.4652777777777778,1.9770987654320988
840,00:00:28.028,1.094372427983539,0.3835493827160494,0.505,2.3945679012345678
841,00:00:28.061,1.0878909465020576,0.3565432098765432,0.4816666666666667,2.425462962962963
842,00:00:28.095,1.1137654320987653,0.39503086419753086,0.4827469135802469,2.4635185185185184
843,00:00:28.128,1.100164609053498,0.38728395061728393,0.5051851851851852,2.4080246913580248
844,00:00:28.161,1.0310802469135802,0.2835185185185185,0.4654320987654321,2.34429012345679
845,00:00:28.195,1.0481172839506172,0.3983333333333333,0.4977469135802469,2.2482716049382714
846,00:00:28.228,0.9428292181069958,0.2858024691358025,0.4845987654320988,2.0580864197530864
847,00:00:28.262,1.0494753086419752,0.45401234567901233,0.4744135802469136,2.22
848,00:00:28.295,1.0348456790123457,0.4094753086419753,0.47595679012345676,2.219104938271605
849,00:00:28.328,0.9564197530864198,0.32425925925925925,0.4790432098765432,2.065956790123457
850,00:00:28.362,0.9990329218106996,0.38101851851851853,0.49919753086419755,2.116882716049383
851,00:00:28.395,1.009567901234568,0.2859567901234568,0.4842283950617284,2.2585185185185184
852,00:00:28.428,0.9878909465020577,0.33839506172839506,0.48641975308641977,2.138858024691358
853,00:00:28.462,1.0356687242798355,0.2866975308641975,0.4766975308641975,2.343611111111111
854,00:00:28.495,0.9555658436213993,0.3592283950617284,0.4866666666666667,2.0208024691358024
855,00:00:28.529,1.0533950617283951,0.41348765432098766,0.4990432098765432,2.2476543209876545
856,00:00:28.562,0.9840534979423868,0.35641975308641977,0.5021296296296296,2.093611111111111
857,00:00:28.595,0.9900925925925925,0.3111111111111111,0.47435185185185186,2.184814814814815
858,00:00:28.629,1.1236728395061728,0.39796296296296296,0.527962962962963,2.4450925925925926
859,00:00:28.662,1.2013786008230454,0.48527777777777775,0.5244444444444445,2.5944135802469135
860,00:00:28.695,1.0632818930041152,0.3487345679012346,0.5061728395061729,2.3349382716049383
861,00:00:28.729,0.9511728395061727,0.3214814814814815,0.503641975308642,2.028395061728395
862,00:00:28.762,1.050185185185185,0.38351851851851854,0.5264506172839506,2.2405864197530865
863,00:00:28.795,0.9388786008230453,0.30237654320987656,0.4959567901234568,2.0183024691358025
864,00:00:28.829,1.0101131687242797,0.34194444444444444,0.5207716049382716,2.1676234567901234
865,00:00:28.862,0.9423148148148147,0.28759259259259257,0.5031481481481481,2.0362037037037037
866,00:00:28.896,1.0030761316872427,0.3527469135802469,0.505462962962963,2.1510185185185184
867,00:00:28.929,0.9871707818930041,0.37799382716049384,0.4940432098765432,2.0894753086419753
868,00:00:28.962,1.0374897119341564,0.40660493827160493,0.5218827160493827,2.1839814814814815
869,00:00:28.996,1.0605246913580246,0.36157407407407405,0.5399074074074074,2.2800925925925926
870,00:00:29.029,1.0272016460905349,0.3771604938271605,0.5157407407407407,2.1887037037037036
871,00:00:29.062,1.02,0.40012345679012346,0.5036111111111111,2.1562654320987655
872,00:00:29.096,1.1017386831275722,0.4182098765432099,0.532716049382716,2.3542901234567903
873,00:00:29.129,1.0248148148148146,0.3875925925925926,0.5077777777777778,2.179074074074074
874,00:00:29.162,0.9470576131687244,0.31555555555555553,0.5168518518518519,2.0087654320987656
875,00:00:29.196,0.9954115226337449,0.32564814814814813,0.5261111111111111,2.134475308641975
876,00:00:29.229,1.0488683127572016,0.425679012345679,0.5123456790123457,2.2085802469135802
877,00:00:29.263,1.022448559670782,0.3765432098765432,0.5191358024691358,2.171666666666667
878,00:00:29.296,1.071440329218107,0.4629938271604938,0.5108333333333334,2.2404938271604937
879,00:00:29.329,1.0064197530864198,0.3977777777777778,0.5173456790123456,2.104135802469136
880,00:00:29.363,1.0427263374485596,0.3533024691358025,0.5177160493827161,2.2571604938271603
881,00:00:29.396,1.0156995884773663,0.37950617283950616,0.5222839506172839,2.1453086419753085
882,00:00:29.429,1.030658436213992,0.38416666666666666,0.5053703703703704,2.2024382716049384
883,00:00:29.463,1.0467283950617283,0.44583333333333336,0.5320370370370371,2.162314814814815
884,00:00:29.496,1.0772530864197531,0.43512345679012343,0.525,2.271635802469136
885,00:00:29.530,1.1675925925925927,0.5397530864197531,0.5092283950617283,2.4537962962962965
886,00:00:29.563,1.0213786008230452,0.35555555555555557,0.5339814814814815,2.1745987654320986
887,00:00:29.596,0.9696913580246914,0.3322530864197531,0.5065740740740741,2.070246913580247
888,00:00:29.630,0.9654835390946502,0.3365740740740741,0.5019753086419753,2.0579012345679013
889,00:00:29.663,1.1144238683127574,0.469320987654321,0.5490123456790124,2.3249382716049385
890,00:00:29.696,1.0335493827160496,0.4179320987654321,0.5192901234567902,2.163425925925926
891,00:00:29.730,1.039567901234568,0.4112037037037037,0.5174691358024691,2.190030864197531
892,00:00:29.763,1.1639609053497944,0.5071296296296296,0.5398456790123457,2.4449074074074075
893,00:00:29.796,0.994917695473251,0.3883641975308642,0.5116666666666667,2.084722222222222
894,00:00:29.830,1.0564609053497942,0.43987654320987657,0.528395061728395,2.201111111111111
895,00:00:29.863,1.0307407407407407,0.4061111111111111,0.5317901234567901,2.154320987654321
896,00:00:29.897,0.9882098765432099,0.38512345679012344,0.5162962962962963,2.06320987654321
897,00:00:29.930,1.0373662551440328,0.40793209876543207,0.547283950617284,2.156882716049383
898,00:00:29.963,0.9868209876543209,0.42685185185185187,0.5051543209876543,2.0284567901234567
899,00:00:29.997,0.886872427983539,0.2570679012345679,0.4625,1.9410493827160493
900,00:00:30.030,4.628765432098766,3.3968827160493826,0.9484259259259259,9.540987654320988
